Tema,Indicador,definicion,Mnemonico,unidad_de_medida,Fuente,temporalidad,unidad_de_observacion,poblacion_de_referencia,seleccionados
Identificación Geográfica,Consecutivo,"Consecutivo único por entidad federativa (no es la clave de sección), utilizado como id en la base de datos a nivel nacional.",ID,,INEGI. Censo de Población y Vivienda 2020,,,,
Identificación Geográfica,Clave de entidad federativa,Unidad geográfica mayor de la división político-administrativa del país.,ENTIDAD,,INEGI. Censo de Población y Vivienda 2020,,,,1
Identificación Geográfica,Clave de distrito,Unidad geográfica por distrito electoral federal.,DISTRITO,,INEGI. Censo de Población y Vivienda 2020,,,,
Identificación Geográfica,Clave de municipio o demarcación territorial,"Código que identifica al municipio o demarcación territorial al interior de una entidad federativa, conforme al Marco Geoestadístico.",MUNICIPIO,,INEGI. Censo de Población y Vivienda 2020,,,,
Identificación Geográfica,Clave de sección,Fracción territorial de los distritos electorales uninominales para la inscripción de los ciudadanos en el Padrón Electoral y en las Listas Nominales de Electores.,SECCION,,INEGI. Censo de Población y Vivienda 2020,,,,1
Identificación Geográfica,Tipo,Tipo de sección electoral (2. Urbana; 3. Mixta;  4. Rural).,TIPO,,INEGI. Censo de Población y Vivienda 2020,,,,
Población,Población total,"Personas, nacionales o extranjeras que residen habitualmente en el ámbito geográfico de referencia correspondiente. ",POBTOT,Personas,INEGI. Censo de Población y Vivienda 2020,2020,Personas,Población total,1
Población,Población femenina,"Mujeres, nacionales o extranjeras que residen habitualmente en el ámbito geográfico de referencia correspondiente. ",POBFEM,Personas,INEGI. Censo de Población y Vivienda 2020,2020,Personas,Población femenina,
Población,Población masculina,"Hombres, nacionales o extranjeros que residen habitualmente en el ámbito geográfico de referencia correspondiente. ",POBMAS,Personas,INEGI. Censo de Población y Vivienda 2020,2020,Personas,Población masculina,
Población,Población de 0 a 2 años,Personas de 0 a 2 años de edad.,P_0A2,Personas,INEGI. Censo de Población y Vivienda 2020,2020,Personas,Población de 0 a 2 años,1
Población,Población femenina de 0 a 2 años,Mujeres de 0 a 2 años de edad.,P_0A2_F,Personas,INEGI. Censo de Población y Vivienda 2020,2020,Personas,Población femenina de 0 a 2 años,
Población,Población masculina de 0 a 2 años,Hombres de 0 a 2 años de edad.,P_0A2_M,Personas,INEGI. Censo de Población y Vivienda 2020,2020,Personas,Población masculina de 0 a 2 años,
Población,Población de 0 a 17 años,Personas de 0 a 17 años de edad.,P_0A17,Personas,INEGI. Censo de Población y Vivienda 2020,2020,Personas,Población de 0 a 17 años,
Población,Población de 3 años y más,Personas de 3 a 130 años de edad.,P_3YMAS,Personas,INEGI. Censo de Población y Vivienda 2020,2020,Personas,Población de 3 a 130 años,
Población,Población femenina de 3 años y más,Mujeres de 3 a 130 años de edad.,P_3YMAS_F,Personas,INEGI. Censo de Población y Vivienda 2020,2020,Personas,Población femenina de 3 a 130 años,
Población,Población masculina de 3 años y más,Hombres de 3 a 130 años de edad.,P_3YMAS_M,Personas,INEGI. Censo de Población y Vivienda 2020,2020,Personas,Población masculina de 3 a 130 años,
Población,Población de 5 años y más,Personas de 5 a 130 años de edad.,P_5YMAS,Personas,INEGI. Censo de Población y Vivienda 2020,2020,Personas,Población de 5 a 130 años,1
Población,Población femenina de 5 años y más,Mujeres de 5 a 130 años de edad.,P_5YMAS_F,Personas,INEGI. Censo de Población y Vivienda 2020,2020,Personas,Población femenina de 5 a 130 años,
Población,Población masculina de 5 años y más,Hombres de 5 a 130 años de edad.,P_5YMAS_M,Personas,INEGI. Censo de Población y Vivienda 2020,2020,Personas,Población masculina de 5 a 130 años,
Población,Población de 12 años y más,Personas de 12 a 130 años de edad.,P_12YMAS,Personas,INEGI. Censo de Población y Vivienda 2020,2020,Personas,Población de 12 a 130 años,
Población,Población femenina de 12 años y más,Mujeres de 12 a 130 años de edad.,P_12YMAS_F,Personas,INEGI. Censo de Población y Vivienda 2020,2020,Personas,Población femenina de 12 a 130 años,
Población,Población masculina de 12 años y más,Hombres de 12 a 130 años de edad.,P_12YMAS_M,Personas,INEGI. Censo de Población y Vivienda 2020,2020,Personas,Población masculina de 12 a 130 años,
Población,Población de 15 años y más,Personas de 15 a 130 años de edad.,P_15YMAS,Personas,INEGI. Censo de Población y Vivienda 2020,2020,Personas,Población de 15 a 130 años,
Población,Población femenina de 15 años y más,Mujeres de 15 a 130 años de edad.,P_15YMAS_F,Personas,INEGI. Censo de Población y Vivienda 2020,2020,Personas,Población femenina de 15 a 130 años,
Población,Población masculina de 15 años y más,Hombres de 15 a 130 años de edad.,P_15YMAS_M,Personas,INEGI. Censo de Población y Vivienda 2020,2020,Personas,Población masculina de 15 a 130 años,
Población,Población de 18 años y más,Personas de 18 a 130 años de edad.,P_18YMAS,Personas,INEGI. Censo de Población y Vivienda 2020,2020,Personas,Población de 18 a 130 años,
Población,Población femenina de 18 años y más,Mujeres de 18 a 130 años de edad.,P_18YMAS_F,Personas,INEGI. Censo de Población y Vivienda 2020,2020,Personas,Población femenina de 18 a 130 años,
Población,Población masculina de 18 años y más,Hombres de 18 a 130 años de edad.,P_18YMAS_M,Personas,INEGI. Censo de Población y Vivienda 2020,2020,Personas,Población masculina de 18 a 130 años,
Población,Población de 3 a 5 años,Personas de 3 a 5 años de edad.,P_3A5,Personas,INEGI. Censo de Población y Vivienda 2020,2020,Personas,Población de 3 a 5 años,
Población,Población femenina de 3 a 5 años,Mujeres de 3 a 5 años de edad.,P_3A5_F,Personas,INEGI. Censo de Población y Vivienda 2020,2020,Personas,Población femenina de 3 a 5 años,
Población,Población masculina de 3 a 5 años,Hombres de 3 a 5 años de edad.,P_3A5_M,Personas,INEGI. Censo de Población y Vivienda 2020,2020,Personas,Población masculina de 3 a 5 años,
Población,Población de 6 a 11 años,Personas de 6 a 11 años de edad.,P_6A11,Personas,INEGI. Censo de Población y Vivienda 2020,2020,Personas,Población de 6 a 11 años,
Población,Población femenina de 6 a 11 años,Mujeres de 6 a 11 años de edad.,P_6A11_F,Personas,INEGI. Censo de Población y Vivienda 2020,2020,Personas,Población femenina de 6 a 11 años,
Población,Población masculina de 6 a 11 años,Hombres de 6 a 11 años de edad.,P_6A11_M,Personas,INEGI. Censo de Población y Vivienda 2020,2020,Personas,Población masculina de 6 a 11 años,
Población,Población de 8 a 14 años,Personas de 8 a 14 años de edad.,P_8A14,Personas,INEGI. Censo de Población y Vivienda 2020,2020,Personas,Población de 8 a 14 años,
Población,Población femenina de 8 a 14 años,Mujeres de 8 a 14 años de edad.,P_8A14_F,Personas,INEGI. Censo de Población y Vivienda 2020,2020,Personas,Población femenina de 8 a 14 años,
Población,Población masculina de 8 a 14 años,Hombres de 8 a 14 años de edad.,P_8A14_M,Personas,INEGI. Censo de Población y Vivienda 2020,2020,Personas,Población masculina de 8 a 14 años,
Población,Población de 12 a 14 años,Personas de 12 a 14 años de edad.,P_12A14,Personas,INEGI. Censo de Población y Vivienda 2020,2020,Personas,Población de 12 a 14 años,
Población,Población femenina de 12 a 14 años,Mujeres de 12 a 14 años de edad.,P_12A14_F,Personas,INEGI. Censo de Población y Vivienda 2020,2020,Personas,Población femenina de 12 a 14 años,
Población,Población masculina de 12 a 14 años,Hombres de 12 a 14 años de edad.,P_12A14_M,Personas,INEGI. Censo de Población y Vivienda 2020,2020,Personas,Población masculina de 12 a 14 años,
Población,Población de 15 a 17 años,Personas de 15 a 17 años de edad.,P_15A17,Personas,INEGI. Censo de Población y Vivienda 2020,2020,Personas,Población de 15 a 17 años,
Población,Población femenina de 15 a 17 años,Mujeres de 15 a 17 años de edad.,P_15A17_F,Personas,INEGI. Censo de Población y Vivienda 2020,2020,Personas,Población femenina de 15 a 17 años,
Población,Población masculina de 15 a 17 años,Hombres de 15 a 17 años de edad.,P_15A17_M,Personas,INEGI. Censo de Población y Vivienda 2020,2020,Personas,Población masculina de 15 a 17 años,
Población,Población de 18 a 24 años,Personas de 18 a 24 años de edad.,P_18A24,Personas,INEGI. Censo de Población y Vivienda 2020,2020,Personas,Población de 18 a 24 años,
Población,Población femenina de 18 a 24 años,Mujeres de 18 a 24 años de edad.,P_18A24_F,Personas,INEGI. Censo de Población y Vivienda 2020,2020,Personas,Población femenina de 18 a 24 años,
Población,Población masculina de 18 a 24 años,Hombres de 18 a 24 años de edad.,P_18A24_M,Personas,INEGI. Censo de Población y Vivienda 2020,2020,Personas,Población masculina de 18 a 24 años,
Población,Población femenina de 15 a 49 años ,Mujeres de 15 a 49 años de edad.,P_15A49_F,Personas,INEGI. Censo de Población y Vivienda 2020,2020,Personas,Población femenina de 15 a 49 años ,
Población,Población de 60 años y más,Personas de 60 a 130 años de edad.,P_60YMAS,Personas,INEGI. Censo de Población y Vivienda 2020,2020,Personas,Población de 60 a 130 años,1
Población,Población femenina de 60 años y más,Mujeres de 60 a 130 años de edad.,P_60YMAS_F,Personas,INEGI. Censo de Población y Vivienda 2020,2020,Personas,Población femenina de 60 a 130 años,
Población,Población masculina de 60 años y más,Hombres de 60 a 130 años de edad.,P_60YMAS_M,Personas,INEGI. Censo de Población y Vivienda 2020,2020,Personas,Población masculina de 60 a 130 años,
Población,Relación hombres-mujeres,Resultado de dividir el total de hombres entre el total de mujeres y multiplicarlo por cien. Indica el número de hombres por cada 100 mujeres.,REL_H_M,Personas,INEGI. Censo de Población y Vivienda 2020,2020,Personas,Población total,1
Población,Población de 0 a 14 años,Personas de 0 a 14 años de edad.,POB0_14,Personas,INEGI. Censo de Población y Vivienda 2020,2020,Personas,Población de 0 a 14 años,
Población,Población de 15 a 64 años,Personas de 15 a 64 años de edad.,POB15_64,Personas,INEGI. Censo de Población y Vivienda 2020,2020,Personas,Población de 15 a 64 años,
Población,Población de 65 años y más,Personas de 65 a 130 años de edad.,POB65_MAS,Personas,INEGI. Censo de Población y Vivienda 2020,2020,Personas,Población de 65 a 130 años,
Población,Población de edad no especificada,Personas de edad no especificada,POB_EDADNE,Personas,INEGI. Censo de Población y Vivienda 2020,2020,Personas,Población de edad no especificada,
Fecundidad,Promedio de hijas e hijos nacidos vivos,"Resultado de dividir el total de hijas e hijos nacidos vivos de las mujeres de 12 a 130 años de edad, entre el total de mujeres del mismo grupo de edad. Excluye a las mujeres que no especificaron el número de hijas e hijos nacidos vivos y a las que sí han tenido, pero no especificaron el total de ellos.",PROM_HNV,Personas,INEGI. Censo de Población y Vivienda 2020,2020,Personas,Población femenina de 12 a 130 años,1
Migración,Población nacida en la entidad,Personas nacidas en la misma entidad federativa.,PNACENT,Personas,INEGI. Censo de Población y Vivienda 2020,2020,Personas,Población total,
Migración,Población femenina nacida en la entidad,Mujeres nacidas en la misma entidad federativa.,PNACENT_F,Personas,INEGI. Censo de Población y Vivienda 2020,2020,Personas,Población femenina nacida en la entidad,
Migración,Población masculina nacida en la entidad,Hombres nacidos en la misma entidad federativa.,PNACENT_M,Personas,INEGI. Censo de Población y Vivienda 2020,2020,Personas,Población masculina nacida en la entidad,
Migración,Población nacida en otra entidad,Personas nacidas en otra entidad federativa.,PNACOE,Personas,INEGI. Censo de Población y Vivienda 2020,2020,Personas,Población nacida en otra entidad,
Migración,Población femenina nacida en otra entidad,Mujeres nacidas en otra entidad federativa.,PNACOE_F,Personas,INEGI. Censo de Población y Vivienda 2020,2020,Personas,Población femenina nacida en otra entidad,
Migración,Población masculina nacida en otra entidad,Hombres nacidos en otra entidad federativa.,PNACOE_M,Personas,INEGI. Censo de Población y Vivienda 2020,2020,Personas,Población masculina nacida en otra entidad,
Migración,Población de 5 años y más residente en la entidad en marzo de 2015,Personas de 5 a 130 años de edad que entre 2015 y 2020 residían en la misma entidad federativa.,PRES2015,Personas,INEGI. Censo de Población y Vivienda 2020,2020,Personas,Población de 5 a 130 años residente en la entidad en marzo de 2015,
Migración,Población femenina de 5 años y más residente en la entidad en marzo de 2015,Mujeres de 5 a 130 años de edad que entre 2015 y 2020 residían en la misma entidad federativa.,PRES2015_F,Personas,INEGI. Censo de Población y Vivienda 2020,2020,Personas,Población femenina de 5 a 130 años residente en la entidad en marzo de 2015,
Migración,Población masculina de 5 años y más residente en la entidad en marzo de 2015,Hombres de 5 a 130 años de edad que entre 2015 y 2020 residían en la misma entidad federativa.,PRES2015_M,Personas,INEGI. Censo de Población y Vivienda 2020,2020,Personas,Población masculina de 5 a 130 años residente en la entidad en marzo de 2015,
Migración,Población de 5 años y más residente en otra entidad en marzo de 2015,Personas de 5 a 130 años de edad que en el 2015 residían en otra entidad federativa.,PRESOE15,Personas,INEGI. Censo de Población y Vivienda 2020,2020,Personas,Población de 5 a 130 años residente en otra entidad en marzo de 2015,
Migración,Población femenina de 5 años y más residente en otra entidad en marzo de 2015,Mujeres de 5 a 130 años de edad que en 2015 residían en otra entidad federativa.,PRESOE15_F,Personas,INEGI. Censo de Población y Vivienda 2020,2020,Personas,Población femenina de 5 a 130 años residente en otra entidad en marzo de 2015,1
Migración,Población masculina de 5 años y más residente en otra entidad en marzo de 2015,Hombres de 5 a 130 años de edad que en 2015 residían en otra entidad federativa.,PRESOE15_M,Personas,INEGI. Censo de Población y Vivienda 2020,2020,Personas,Población masculina de 5 a 130 años residente en otra entidad en marzo de 2015,1
Etnicidad,Población de 3 años y más que habla alguna lengua indígena,Personas de 3 a 130 años de edad que hablan alguna lengua indígena.,P3YM_HLI,Personas,INEGI. Censo de Población y Vivienda 2020,2020,Personas,Población de 3 a 130 años que habla alguna lengua indígena,1
Etnicidad,Población femenina de 3 años y más que habla alguna lengua indígena,Mujeres de 3 a 130 años de edad que hablan alguna lengua indígena.,P3YM_HLI_F,Personas,INEGI. Censo de Población y Vivienda 2020,2020,Personas,Población femenina de 3 a 130 años que habla alguna lengua indígena,1
Etnicidad,Población masculina de 3 años y más que habla alguna lengua indígena,Hombres de 3 a 130 años de edad que hablan alguna lengua indígena.,P3YM_HLI_M,Personas,INEGI. Censo de Población y Vivienda 2020,2020,Personas,Población masculina de 3 a 130 años que habla alguna lengua indígena,1
Etnicidad,Población de 3 años y más que habla alguna lengua indígena y no habla español,Personas de 3 a 130 años de edad que hablan alguna lengua indígena y además no hablan español.,P3HLINHE,Personas,INEGI. Censo de Población y Vivienda 2020,2020,Personas,Población de 3 a 130 años que habla alguna lengua indígena y no habla español,1
Etnicidad,Población femenina de 3 años y más que habla alguna lengua indígena y no habla español,Mujeres de 3 a 130 años de edad que hablan alguna lengua indígena y además no hablan español.,P3HLINHE_F,Personas,INEGI. Censo de Población y Vivienda 2020,2020,Personas,Población femenina de 3 a 130 años que habla alguna lengua indígena y no habla español,1
Etnicidad,Población masculina de 3 años y más que habla alguna lengua indígena y no habla español,Hombres de 3 a 130 años de edad que hablan alguna lengua indígena y además no hablan español.,P3HLINHE_M,Personas,INEGI. Censo de Población y Vivienda 2020,2020,Personas,Población masculina de 3 a 130 años que habla alguna lengua indígena y no habla español,1
Etnicidad,Población de 3 años y más que habla alguna lengua indígena y habla español,Personas de 3 a 130 años de edad que hablan alguna lengua indígena y además hablan español.,P3HLI_HE,Personas,INEGI. Censo de Población y Vivienda 2020,2020,Personas,Población de 3 a 130 años que habla alguna lengua indígena y habla español,1
Etnicidad,Población femenina de 3 años y más que habla alguna lengua indígena y habla español,Mujeres de 3 a 130 años de edad que hablan alguna lengua indígena y además hablan español.,P3HLI_HE_F,Personas,INEGI. Censo de Población y Vivienda 2020,2020,Personas,Población femenina de 3 a 130 años que habla alguna lengua indígena y habla español,1
Etnicidad,Población masculina de 3 años y más que habla alguna lengua indígena y habla español,Hombres de 3 a 130 años de edad que hablan alguna lengua indígena y además hablan español.,P3HLI_HE_M,Personas,INEGI. Censo de Población y Vivienda 2020,2020,Personas,Población masculina de 3 a 130 años que habla alguna lengua indígena y habla español,1
Etnicidad,Población de 5 años y más que habla alguna lengua indígena,Personas de 5 a 130 años de edad que hablan alguna lengua indígena.,P5_HLI,Personas,INEGI. Censo de Población y Vivienda 2020,2020,Personas,Población de 5 a 130 años  que habla alguna lengua indígena,1
Etnicidad,Población de 5 años y más que habla alguna lengua indígena y no habla español,Personas de 5 a 130 años de edad que hablan alguna lengua indígena y además no hablan español.,P5_HLI_NHE,Personas,INEGI. Censo de Población y Vivienda 2020,2020,Personas,Población de 5 a 130 años que habla alguna lengua indígena y no habla español,1
Etnicidad,Población de 5 años y más que habla alguna lengua indígena y habla español,Personas de 5 a 130 años de edad que hablan alguna lengua indígena y además hablan español.,P5_HLI_HE,Personas,INEGI. Censo de Población y Vivienda 2020,2020,Personas,Población de 5 a 130 años que habla alguna lengua indígena y habla español,1
Etnicidad,Población en hogares censales indígenas,"Total de personas que forman hogares censales donde la persona de referencia del hogar o su cónyuge o alguno de los ascendientes de estos, declararon hablar lengua indígena.",PHOG_IND,Personas,INEGI. Censo de Población y Vivienda 2020,2020,Hogar censal,Población en hogares censales indígenas,
Etnicidad,Población que se considera afromexicana o afrodescendiente,Personas que se consideran afromexicanos o afrodescendientes.,POB_AFRO,Personas,INEGI. Censo de Población y Vivienda 2020,2020,Personas,Población que se considera afromexicana o afrodescendiente,1
Etnicidad,Población femenina que se considera afromexicana o afrodescendiente,Mujeres que se consideran afromexicanas o afrodescendientes.,POB_AFRO_F,Personas,INEGI. Censo de Población y Vivienda 2020,2020,Personas,Población femenina que se considera afromexicana o afrodescendiente,1
Etnicidad,Población masculina que se considera afromexicana o afrodescendiente,Hombres que se consideran afromexicanos o afrodescendientes.,POB_AFRO_M,Personas,INEGI. Censo de Población y Vivienda 2020,2020,Personas,Población masculina que se considera afromexicana o afrodescendiente,1
Discapacidad,Población con discapacidad,"Personas que realizan con mucha dificultad o no pueden hacer al menos una de las siguientes actividades: ver, aun usando lentes; oír, aun usando aparato auditivo; caminar, subir o bajar; recordar o concentrarse; bañarse, vestirse o comer; hablar o comunicarse.",PCON_DISC,Personas,INEGI. Censo de Población y Vivienda 2020,2020,Personas,Población con discapacidad,1
Discapacidad,"Población con discapacidad para caminar, subir o bajar","Personas que tiene mucha dificultad o no pueden caminar, subir o bajar.",PCDISC_MOT,Personas,INEGI. Censo de Población y Vivienda 2020,2020,Personas,"Población con discapacidad para caminar, subir o bajar",1
Discapacidad,"Población con discapacidad para ver, aun usando lentes","Personas que tienen mucha dificultad o no pueden ver, aun cuando usen lentes.",PCDISC_VIS,Personas,INEGI. Censo de Población y Vivienda 2020,2020,Personas,"Población con discapacidad para ver, aun usando lentes",1
Discapacidad,Población con discapacidad para hablar o comunicarse,Personas que tienen mucha dificultad o no pueden hablar o comunicarse.,PCDISC_LEN,Personas,INEGI. Censo de Población y Vivienda 2020,2020,Personas,Población con discapacidad para hablar o comunicarse,1
Discapacidad,"Población con discapacidad para oír, aun usando aparato auditivo","Personas que tienen mucha dificultad o no pueden oír, aun usando aparato auditivo.",PCDISC_AUD,Personas,INEGI. Censo de Población y Vivienda 2020,2020,Personas,"Población con discapacidad para oír, aun usando aparato auditivo",1
Discapacidad,"Población con discapacidad para vestirse, bañarse o comer","Personas que tienen mucha dificultad o no pueden bañarse, vestirse o comer.",PCDISC_M_A,Personas,INEGI. Censo de Población y Vivienda 2020,2020,Personas,"Población con discapacidad para vestirse, bañarse o comer",1
Discapacidad,Población con discapacidad para recordar o concentrarse,Personas que tienen mucha dificultad o no pueden recordar o concentrarse.,PCDISC_MEN,Personas,INEGI. Censo de Población y Vivienda 2020,2020,Personas,Población con discapacidad para recordar o concentrarse,1
Discapacidad,Población con limitación,"Personas que realizan con poca dificultad al menos una de las siguientes actividades: ver, aun usando lentes; oír, aun usando aparato auditivo; caminar, subir o bajar; recordar o concentrarse; bañarse, vestirse o comer; hablar o comunicarse.",PCON_LIMI,Personas,INEGI. Censo de Población y Vivienda 2020,2020,Personas,Población con limitación,
Discapacidad,"Población con limitación para caminar, subir o bajar","Personas que tienen poca dificultad para caminar, subir o bajar.",PCLIM_CSB,Personas,INEGI. Censo de Población y Vivienda 2020,2020,Personas,"Población con limitación para caminar, subir o bajar",
Discapacidad,"Población con limitación para ver, aun usando lentes","Personas que tienen poca dificultad para ver, aun usando lentes.",PCLIM_VIS,Personas,INEGI. Censo de Población y Vivienda 2020,2020,Personas,"Población con limitación para ver, aun usando lentes",
Discapacidad,Población con limitación para hablar o comunicarse,Personas que tienen poca dificultad para hablar o comunicarse.,PCLIM_HACO,Personas,INEGI. Censo de Población y Vivienda 2020,2020,Personas,Población con limitación para hablar o comunicarse,
Discapacidad,"Población con limitación para oír, aun usando aparato auditivo","Personas que tienen poca dificultad para oír, aun usando aparato auditivo.",PCLIM_OAUD,Personas,INEGI. Censo de Población y Vivienda 2020,2020,Personas,"Población con limitación para oír, aun usando aparato auditivo",
Discapacidad,"Población con limitación para vestirse, bañarse o comer","Personas que tienen poca dificultad para bañarse, vestirse o comer.",PCLIM_MOT2,Personas,INEGI. Censo de Población y Vivienda 2020,2020,Personas,"Población con limitación para vestirse, bañarse o comer",
Discapacidad,Población con limitación para recordar o concentrarse,Personas que tienen poca dificultad para recordar o concentrarse.,PCLIM_RE_C,Personas,INEGI. Censo de Población y Vivienda 2020,2020,Personas,Población con limitación para recordar o concentrarse,
Discapacidad,Población con algún problema o condición mental,"Personas con algún problema o condición mental, como las relacionadas con el trastorno de la conciencia, retraso mental y las alteraciones de la conducta del individuo con otras personas en su entorno social. Incluye a la población que declaró realizar actividades cotidianas con mucha dificultad o no poder hacerlas o las hace con poca dificultad.",PCLIM_PMEN,Personas,INEGI. Censo de Población y Vivienda 2020,2020,Personas,Población con algún problema o condición mental,
Discapacidad,"Población sin discapacidad, limitación, problema o condición mental","Personas que no tienen dificultad para realizar alguna actividad cotidiana como: ver, aun usando lentes; oír aun usando aparato auditivo; caminar, subir o bajar; recordar o concentrarse; bañarse, vestirse o comer; hablar o comunicarse, ni tampoco tiene algún problema o condición mental.",PSIND_LIM,Personas,INEGI. Censo de Población y Vivienda 2020,2020,Personas,"Población sin discapacidad, limitación, problema o condición mental",1
Educación,Población de 3 a 5 años que no asiste a la escuela,Personas de 3 a 5 años de edad que no van a la escuela.,P3A5_NOA,Personas,INEGI. Censo de Población y Vivienda 2020,2020,Personas,Población de 3 a 5 años que no asiste a la escuela,
Educación,Población femenina de 3 a 5 años que no asiste a la escuela,Mujeres de 3 a 5 años de edad que no van a la escuela.,P3A5_NOA_F,Personas,INEGI. Censo de Población y Vivienda 2020,2020,Personas,Población femenina de 3 a 5 años que no asiste a la escuela,
Educación,Población masculina de 3 a 5 años que no asiste a la escuela,Hombres de 3 a 5 años de edad que no van a la escuela.,P3A5_NOA_M,Personas,INEGI. Censo de Población y Vivienda 2020,2020,Personas,Población masculina de 3 a 5 años que no asiste a la escuela,
Educación,Población de 6 a 11 años que no asiste a la escuela,Personas de 6 a 11 años de edad que no van a la escuela.,P6A11_NOA,Personas,INEGI. Censo de Población y Vivienda 2020,2020,Personas,Población de 6 a 11 años que no asiste a la escuela,
Educación,Población femenina de 6 a 11 años que no asiste a la escuela,Mujeres de 6 a 11 años de edad que no van a la escuela.,P6A11_NOAF,Personas,INEGI. Censo de Población y Vivienda 2020,2020,Personas,Población femenina de 6 a 11 años que no asiste a la escuela,
Educación,Población masculina de 6 a 11 años que no asiste a la escuela,Hombres de 6 a 11 años de edad que no van a la escuela.,P6A11_NOAM,Personas,INEGI. Censo de Población y Vivienda 2020,2020,Personas,Población masculina de 6 a 11 años que no asiste a la escuela,
Educación,Población de 12 a 14 años que no asiste a la escuela,Personas de 12 a 14 años de edad que no van a la escuela.,P12A14NOA,Personas,INEGI. Censo de Población y Vivienda 2020,2020,Personas,Población de 12 a 14 años que no asiste a la escuela,
Educación,Población femenina de 12 a 14 años que no asiste a la escuela,Mujeres de 12 a 14 años de edad que no van a la escuela.,P12A14NOAF,Personas,INEGI. Censo de Población y Vivienda 2020,2020,Personas,Población femenina de 12 a 14 años que no asiste a la escuela,
Educación,Población masculina de 12 a 14 años que no asiste a la escuela,Hombres de 12 a 14 años de edad que no van a la escuela.,P12A14NOAM,Personas,INEGI. Censo de Población y Vivienda 2020,2020,Personas,Población masculina de 12 a 14 años que no asiste a la escuela,
Educación,Población de 15 a 17 años que asiste a la escuela,Personas de 15 a 17 años de edad que van a la escuela.,P15A17A,Personas,INEGI. Censo de Población y Vivienda 2020,2020,Personas,Población de 15 a 17 años que asiste a la escuela,
Educación,Población femenina de 15 a 17 años que asiste a la escuela,Mujeres de 15 a 17 años de edad que van a la escuela.,P15A17A_F,Personas,INEGI. Censo de Población y Vivienda 2020,2020,Personas,Población femenina de 15 a 17 años que asiste a la escuela,
Educación,Población masculina de 15 a 17 años que asiste a la escuela,Hombres de 15 a 17 años de edad que van a la escuela.,P15A17A_M,Personas,INEGI. Censo de Población y Vivienda 2020,2020,Personas,Población masculina de 15 a 17 años que asiste a la escuela,
Educación,Población de 18 a 24 años que asiste a la escuela,Personas de 18 a 24 años de edad que van a la escuela.,P18A24A,Personas,INEGI. Censo de Población y Vivienda 2020,2020,Personas,Población de 18 a 24 años que asiste a la escuela,
Educación,Población femenina de 18 a 24 años que asiste a la escuela,Mujeres de 18 a 24 años de edad que van a la escuela.,P18A24A_F,Personas,INEGI. Censo de Población y Vivienda 2020,2020,Personas,Población femenina de 18 a 24 años que asiste a la escuela,
Educación,Población masculina de 18 a 24 años que asiste a la escuela,Hombres de 18 a 24 años de edad que van a la escuela.,P18A24A_M,Personas,INEGI. Censo de Población y Vivienda 2020,2020,Personas,Población masculina de 18 a 24 años que asiste a la escuela,
Educación,Población de 8 a 14 años que no sabe leer y escribir,Personas de 8 a 14 años de edad que no saben leer y escribir un recado.,P8A14AN,Personas,INEGI. Censo de Población y Vivienda 2020,2020,Personas,Población de 8 a 14 años que no sabe leer y escribir,
Educación,Población femenina de 8 a 14 años que no sabe leer y escribir,Mujeres de 8 a 14 años de edad que no saben leer y escribir un recado.,P8A14AN_F,Personas,INEGI. Censo de Población y Vivienda 2020,2020,Personas,Población femenina de 8 a 14 años que no sabe leer y escribir,
Educación,Población masculina de 8 a 14 años que no sabe leer y escribir,Hombres de 8 a 14 años de edad que no saben leer y escribir un recado.,P8A14AN_M,Personas,INEGI. Censo de Población y Vivienda 2020,2020,Personas,Población masculina de 8 a 14 años que no sabe leer y escribir,
Educación,Población de 15 años y más analfabeta,Personas de 15 a 130 años de edad que no saben leer y escribir un recado.,P15YM_AN,Personas,INEGI. Censo de Población y Vivienda 2020,2020,Personas,Población de 15 a 130 años analfabeta,1
Educación,Población femenina de 15 años y más analfabeta,Mujeres de 15 a 130 años de edad que no saben leer y escribir un recado.,P15YM_AN_F,Personas,INEGI. Censo de Población y Vivienda 2020,2020,Personas,Población femenina de 15 a 130 años analfabeta,
Educación,Población masculina de 15 años y más analfabeta,Hombres de 15 a 130 años de edad que no saben leer y escribir un recado.,P15YM_AN_M,Personas,INEGI. Censo de Población y Vivienda 2020,2020,Personas,Población masculina de 15 a 130 años analfabeta,
Educación,Población de 15 años y más sin escolaridad,Personas de 15 a 130 años de edad que no aprobaron ningún grado escolar o que sólo tienen nivel preescolar.,P15YM_SE,Personas,INEGI. Censo de Población y Vivienda 2020,2020,Personas,Población de 15 a 130 años sin escolaridad,
Educación,Población femenina de 15 años y más sin escolaridad,Mujeres de 15 a 130 años de edad que no aprobaron ningún grado escolar o que sólo tienen nivel preescolar.,P15YM_SE_F,Personas,INEGI. Censo de Población y Vivienda 2020,2020,Personas,Población femenina de 15 a 130 años sin escolaridad,
Educación,Población masculina de 15 años y más sin escolaridad,Hombres de 15 a 130 años de edad que no aprobaron ningún grado escolar o que sólo tienen nivel preescolar.,P15YM_SE_M,Personas,INEGI. Censo de Población y Vivienda 2020,2020,Personas,Población masculina de 15 a 130 años escolaridad,
Educación,Población de 15 años y más con primaria incompleta,Personas de 15 a 130 años de edad que tienen como máxima escolaridad hasta el quinto grado aprobado en primaria. Incluye a las personas que no especificaron los grados aprobados en el nivel señalado.,P15PRI_IN,Personas,INEGI. Censo de Población y Vivienda 2020,2020,Personas,Población de 15 a 130 años con primaria incompleta,
Educación,Población femenina de 15 años y más con primaria incompleta,Mujeres de 15 a 130 años de edad que tienen como máxima escolaridad hasta el quinto grado aprobado en primaria. Incluye a las mujeres que no especificaron los grados aprobados en el nivel señalado.,P15PRI_INF,Personas,INEGI. Censo de Población y Vivienda 2020,2020,Personas,Población femenina de 15 a 130 años con primaria incompleta,
Educación,Población masculina de 15 años y más con primaria incompleta,Hombres de 15 a 130 años de edad que tienen como máxima escolaridad hasta el quinto grado aprobado en primaria. Incluye a los hombres que no especificaron los grados aprobados en el nivel señalado.,P15PRI_INM,Personas,INEGI. Censo de Población y Vivienda 2020,2020,Personas,Población masculina de 15 a 130 años con primaria incompleta,
Educación,Población de 15 años y más con primaria completa,Personas de 15 a 130 años de edad que tienen como máxima escolaridad 6 grados aprobados en primaria. ,P15PRI_CO,Personas,INEGI. Censo de Población y Vivienda 2020,2020,Personas,Población de 15 a 130 años con primaria completa,
Educación,Población femenina de 15 años y más con primaria completa,Mujeres de 15 a 130 años de edad que tienen como máxima escolaridad 6 grados aprobados en primaria.,P15PRI_COF,Personas,INEGI. Censo de Población y Vivienda 2020,2020,Personas,Población femenina de 15 a 130 años con primaria completa,
Educación,Población masculina de 15 años y más con primaria completa,Hombres de 15 a 130 años de edad que tienen como máxima escolaridad 6 grados aprobados en primaria.,P15PRI_COM,Personas,INEGI. Censo de Población y Vivienda 2020,2020,Personas,Población masculina de 15 a 130 años con primaria completa,
Educación,Población de 15 años y más con secundaria incompleta,Personas de 15 a 130 años de edad que tienen como máxima escolaridad hasta segundo grado aprobado de secundaria. Incluye a las personas que no especificaron los grados aprobados en el nivel señalado.,P15SEC_IN,Personas,INEGI. Censo de Población y Vivienda 2020,2020,Personas,Población de 15 a 130 años con secundaria incompleta,1
Educación,Población femenina de 15 años y más con secundaria incompleta,Mujeres de 15 a 130 años de edad que tienen como máxima escolaridad hasta segundo grado aprobado de secundaria. Incluye a las mujeres que no especificaron los grados aprobados en el nivel señalado.,P15SEC_INF,Personas,INEGI. Censo de Población y Vivienda 2020,2020,Personas,Población femenina de 15 a 130 años con secundaria incompleta,
Educación,Población masculina de 15 años y más con secundaria incompleta,Hombres de 15 a 130 años de edad que tienen como máxima escolaridad hasta segundo grado aprobado de secundaria. Incluye a los hombres que no especificaron los grados aprobados en el nivel señalado.,P15SEC_INM,Personas,INEGI. Censo de Población y Vivienda 2020,2020,Personas,Población masculina de 15 a 130 años con secundaria incompleta,
Educación,Población de 15 años y más con secundaria completa,Personas de 15 a 130 años de edad que tienen como máxima escolaridad 3 grados aprobados en secundaria.,P15SEC_CO,Personas,INEGI. Censo de Población y Vivienda 2020,2020,Personas,Población de 15 a 130  años con secundaria completa,
Educación,Población femenina de 15 años y más con secundaria completa,Mujeres de 15 a 130 años de edad que tienen como máxima escolaridad 3 grados aprobados en secundaria.,P15SEC_COF,Personas,INEGI. Censo de Población y Vivienda 2020,2020,Personas,Población femenina de 15 a 130 años con secundaria completa,
Educación,Población masculina de 15 años y más con secundaria completa,Hombres de 15 a 130 años de edad que tienen como máxima escolaridad 3 grados aprobados en secundaria.,P15SEC_COM,Personas,INEGI. Censo de Población y Vivienda 2020,2020,Personas,Población masculina de 15 a 130 años secundaria completa,
Educación,Población de 18 años y más con educación posbásica,Personas de 18 a 130 años de edad que tienen como máxima escolaridad algún grado aprobado en preparatoria o bachillerato; normal básica; estudios técnicos o comerciales con secundaria terminada; estudios técnicos o comerciales con preparatoria terminada; normal de licenciatura; licenciatura o profesional; especialidad; maestría o doctorado. Incluye a las personas que no especificaron los grados aprobados en los niveles señalados.,P18YM_PB,Personas,INEGI. Censo de Población y Vivienda 2020,2020,Personas,Población de 18 a 130 años con educación posbásica,
Educación,Población femenina de 18 años y más con educación posbásica,Mujeres de 18 a 130 años de edad que tienen como máxima escolaridad algún grado aprobado: preparatoria o bachillerato; normal básica; estudios técnicos o comerciales con secundaria terminada; estudios técnicos o comerciales con preparatoria terminada; normal de licenciatura; licenciatura o profesional; especialidad; maestría o doctorado. Incluye a las personas que no especificaron los grados aprobados en los niveles señalados.,P18YM_PB_F,Personas,INEGI. Censo de Población y Vivienda 2020,2020,Personas,Población femenina de 18 a 130 años con educación posbásica,
Educación,Población masculina de 18 años y más con educación posbásica,Hombres de 18 a 130 años de edad que tienen como máxima escolaridad algún grado aprobado en preparatoria o bachillerato; normal básica; estudios técnicos o comerciales con secundaria terminada; estudios técnicos o comerciales con preparatoria terminada; normal de licenciatura; licenciatura o profesional; especialidad; maestría o doctorado. Incluye a las personas que no especificaron los grados aprobados en los niveles señalados.,P18YM_PB_M,Personas,INEGI. Censo de Población y Vivienda 2020,2020,Personas,Población masculina de 18 a 130 años con educación posbásica,1
Educación,Grado promedio de escolaridad,Resultado de dividir el monto de grados escolares aprobados por las personas de 15 a 130 años de edad entre las personas del mismo grupo de edad. Excluye a las personas que no especificaron los grados aprobados.,GRAPROES,Personas,INEGI. Censo de Población y Vivienda 2020,2020,Personas,Población de 15 a 130 años,1
Educación,Grado promedio de escolaridad de la población femenina,Resultado de dividir el monto de grados escolares aprobados por las mujeres de 15 a 130 años de edad entre las mujeres del mismo grupo de edad. Excluye a las mujeres que no especificaron los grados aprobados.,GRAPROES_F,Personas,INEGI. Censo de Población y Vivienda 2020,2020,Personas,Población femenina de 15 a 130 años,1
Educación,Grado promedio de escolaridad de la población masculina,Resultado de dividir el monto de grados escolares aprobados por los hombres de 15 a 130 años de edad entre los hombres del mismo grupo de edad. Excluye a los hombres que no especificaron los grados aprobados.,GRAPROES_M,Personas,INEGI. Censo de Población y Vivienda 2020,2020,Personas,Población masculina de 15 a 130 años,1
Características económicas,Población de 12 años y más económicamente activa,"Personas de 12 a 130 años de edad que trabajaron, tenían trabajo pero no trabajaron o buscaron trabajo en la semana de referencia.",PEA,Personas,INEGI. Censo de Población y Vivienda 2020,2020,Personas,Población de 12 a 130 años económicamente activa,1
Características económicas,Población femenina de 12 años y más económicamente activa,"Mujeres de 12 a 130 años de edad que trabajaron, tenían trabajo pero no trabajaron o buscaron trabajo en la semana de referencia.",PEA_F,Personas,INEGI. Censo de Población y Vivienda 2020,2020,Personas,Población femenina de 12 a 130 años económicamente activa,1
Características económicas,Población masculina de 12 años y más económicamente activa,"Hombres de 12 a 130 años de edad que trabajaron, tenían trabajo pero no trabajaron o buscaron trabajo en la semana de referencia.",PEA_M,Personas,INEGI. Censo de Población y Vivienda 2020,2020,Personas,Población masculina de 12 a 130 años económicamente activa,1
Características económicas,Población de 12 años y más no económicamente activa,Personas de 12 a 130 años de edad pensionadas o jubiladas; estudiantes; dedicadas a los quehaceres del hogar; están incapacitadas permanentemente para trabajar; o no trabajan.,PE_INAC,Personas,INEGI. Censo de Población y Vivienda 2020,2020,Personas,Población de 12 a 130 años no económicamente activa,1
Características económicas,Población femenina de 12 años y más no económicamente activa,Mujeres de 12 a 130 años de edad pensionadas o jubiladas; estudiantes; dedicadas a los quehaceres del hogar; están incapacitadas permanentemente para trabajar; o no trabajan.,PE_INAC_F,Personas,INEGI. Censo de Población y Vivienda 2020,2020,Personas,Población femenina de 12 a 130 años no económicamente activa,1
Características económicas,Población masculina de 12 años y más no económicamente activa,Hombres de 12 a 130 años de edad pensionados o jubilados; estudiantes; dedicados a los quehaceres del hogar; están incapacitados permanentemente para trabajar; o no trabajan.,PE_INAC_M,Personas,INEGI. Censo de Población y Vivienda 2020,2020,Personas,Población masculina de 12 a 130 años no económicamente activa,1
Características económicas,Población de 12 años y más ocupada,"Personas de 12 a 130 años de edad que trabajaron o que no trabajaron, pero sí tenían trabajo en la semana de referencia.",POCUPADA,Personas,INEGI. Censo de Población y Vivienda 2020,2020,Personas,Población de 12 a 130 años ocupada,1
Características económicas,Población femenina de 12 años y más ocupada,"Mujeres de 12 a 130 años de edad que trabajaron o que no trabajaron, pero sí tenían trabajo en la semana de referencia.",POCUPADA_F,Personas,INEGI. Censo de Población y Vivienda 2020,2020,Personas,Población femenina de 12 a 130 años ocupada,1
Características económicas,Población masculina de 12 años y más ocupada,"Hombres de 12 a 130 años de edad que trabajaron o que no trabajaron, pero sí tenían trabajo en la semana de referencia.",POCUPADA_M,Personas,INEGI. Censo de Población y Vivienda 2020,2020,Personas,Población masculina de 12 a 130 años ocupada,1
Características económicas,Población de 12 años y más desocupada,"Personas de 12 a 130 años de edad que no tenían trabajo, pero buscaron trabajo en la semana de referencia. ",PDESOCUP,Personas,INEGI. Censo de Población y Vivienda 2020,2020,Personas,Población de 12 a 130 años desocupada,1
Características económicas,Población femenina de 12 años y más desocupada,"Mujeres de 12 a 130 años de edad que no tenían trabajo, pero buscaron trabajo en la semana de referencia.",PDESOCUP_F,Personas,INEGI. Censo de Población y Vivienda 2020,2020,Personas,Población femenina de 12 a 130 años desocupada,1
Características económicas,Población masculina de 12 años y más desocupada,"Hombres de 12 a 130 años de edad que no tenían trabajo, pero buscaron trabajo en la semana de referencia.",PDESOCUP_M,Personas,INEGI. Censo de Población y Vivienda 2020,2020,Personas,Población masculina de 12 a 130 años desocupada,1
Servicios de salud,Población sin afiliación a servicios de salud,Total de personas que no están afiliadas a servicios médicos en ninguna institución pública o privada,PSINDER,Personas,INEGI. Censo de Población y Vivienda 2020,2020,Personas,Población sin afiliación a servicios de salud,1
Servicios de salud,Población afiliada a servicios de salud,"Total de personas que están afiliadas a servicios médicos en alguna institución de salud pública o privada como: el Instituto Mexicano del Seguro Social (IMSS), el Instituto de Seguridad y Servicios Sociales de los Trabajadores del Estado (ISSSTE e ISSSTE estatal), Petróleos Mexicanos (PEMEX), la Secretaría de la Defensa Nacional (SEDENA), la Secretaría de Marina Armada de México (SEMAR), el Instituto de Salud para el Bienestar (INSABI) o en otra.",PDER_SS,Personas,INEGI. Censo de Población y Vivienda 2020,2020,Personas,Población afiliada a servicios de salud,1
Servicios de salud,Población afiliada a servicios de salud en el IMSS,Total de personas que están afiliadas a servicios médicos en el Instituto Mexicano del Seguro Social (IMSS).,PDER_IMSS,Personas,INEGI. Censo de Población y Vivienda 2020,2020,Personas,Población afiliada a servicios de salud en el IMSS,1
Servicios de salud,Población afiliada a servicios de salud en el ISSSTE,Total de personas que están afiliadas a servicios médicos en el Instituto de Seguridad y Servicios Sociales de los Trabajadores del Estado.,PDER_ISTE,Personas,INEGI. Censo de Población y Vivienda 2020,2020,Personas,Población afiliada a servicios de salud en el ISSSTE,1
Servicios de salud,Población afiliada a servicios de salud en el ISSSTE estatal,"Total de personas que están afiliadas a servicios médicos en los institutos de seguridad social de los estados (ISSSTE, ISSSEMyM, ISSSTEZAC, ISSSPEA o ISSSTESON).",PDER_ISTEE,Personas,INEGI. Censo de Población y Vivienda 2020,2020,Personas,Población afiliada a servicios de salud en el ISSSTE estatal,1
Servicios de salud,"Población afiliada a servicios de salud en PEMEX, Defensa o Marina","Total de personas que están afiliadas a servicios médicos en Petróleos Mexicanos (PEMEX), la Secretaría de la Defensa Nacional (SEDENA) o la Secretaría de Marina Armada de México (SEMAR).",PAFIL_PDOM,Personas,INEGI. Censo de Población y Vivienda 2020,2020,Personas,"Población afiliada a servicios de salud en PEMEX, Defensa o Marina",1
Servicios de salud,Población afiliada a servicios de salud en el Instituto de Salud para el Bienestar,"Total de personas que están afiliadas a servicios médicos en la Secretaría de Salud, mediante en el Instituto de Salud para el Bienestar.",PDER_SEGP,Personas,INEGI. Censo de Población y Vivienda 2020,2020,Personas,Población afiliada a servicios de salud en el Instituto de Salud para el Bienestar,1
Servicios de salud,Población afiliada a servicios de salud en el IMSS BIENESTAR,Total de personas que están afiliadas a servicios médicos en el Instituto Mexicano del Seguro Social (IMSS) BIENESTAR,PDER_IMSSB,Personas,INEGI. Censo de Población y Vivienda 2020,2020,Personas,Población afiliada a servicios de salud en el IMSS BIENESTAR,1
Servicios de salud,Población afiliada a servicios de salud en una institución privada,Total de personas que están afiliadas a servicios médicos en instituciones de salud privadas.,PAFIL_IPRI,Personas,INEGI. Censo de Población y Vivienda 2020,2020,Personas,Población afiliada a servicios de salud en una institución privada,1
Servicios de salud,Población afiliada a servicios de salud en otra institución,Total de personas que están afiliadas a servicios médicos en cualquier otra institución de salud pública o privada. ,PAFIL_OTRA,Personas,INEGI. Censo de Población y Vivienda 2020,2020,Personas,Población afiliada a servicios de salud en otra institución,1
Situación conyugal,Población de 12 años y más soltera o nunca unida,Personas de 12 a 130 años de edad solteras.,P12YM_SOLT,Personas,INEGI. Censo de Población y Vivienda 2020,2020,Personas,Población de 12 a 130 años soltera o nunca unida,
Situación conyugal,Población de 12 años y más casada o unida,Personas de 12 a 130 años de edad casadas sólo por el civil; casadas sólo religiosamente o; casadas por el civil y religiosamente o en unión libre.,P12YM_CASA,Personas,INEGI. Censo de Población y Vivienda 2020,2020,Personas,Población de 12 a 130 años casada o unida,
Situación conyugal,Población de 12 años y más que estuvo casada o unida,"Personas de 12 a 130 años de edad que están separadas, divorciadas o viudas. ",P12YM_SEPA,Personas,INEGI. Censo de Población y Vivienda 2020,2020,Personas,Población de 12 a 130 años que estuvo casada o unida,
Hogares censales,Total de hogares censales,Hogares en viviendas particulares habitadas. Se considera un hogar en cada vivienda particular. Incluye casa única en el terreno; casa que comparte terreno con otra(s); casa dúplex; departamento en edificio; vivienda en vecindad o cuartería; vivienda en cuarto de azotea de un edificio; local no construido para habitación; vivienda móvil; refugio y no especificado de vivienda particular.,TOTHOG,Hogar censal,INEGI. Censo de Población y Vivienda 2020,2020,Hogar censal,Total de hogares censales,
Hogares censales,Hogares censales con persona de referencia mujer,Hogares en viviendas particulares habitadas donde la persona de referencia es mujer. Se considera un hogar en cada vivienda particular. Incluye casa única en el terreno; casa que comparte terreno con otra(s); casa dúplex; departamento en edificio; vivienda en vecindad o cuartería; vivienda en cuarto de azotea; local no construido para habitación; vivienda móvil; refugio y no especificado de vivienda particular.,HOGJEF_F,Hogar censal,INEGI. Censo de Población y Vivienda 2020,2020,Hogar censal,Hogares censales con persona de referencia mujer,
Hogares censales,Hogares censales con persona de referencia hombre,Hogares en viviendas particulares habitadas donde la persona de referencia es hombre. Se considera un hogar en cada vivienda particular. Incluye casa única en el terreno; casa que comparte terreno con otra(s); casa dúplex; departamento en edificio; vivienda en vecindad o cuartería; vivienda en cuarto de azotea; local no construido para habitación; vivienda móvil; refugio y no especificado de vivienda particular.,HOGJEF_M,Hogar censal,INEGI. Censo de Población y Vivienda 2020,2020,Hogar censal,Hogares censales con persona de referencia hombre,
Hogares censales,Población en hogares censales,Personas en hogares censales. Se considera un hogar en cada vivienda particular. Incluye casa única en el terreno; casa que comparte terreno con otra(s); casa dúplex; departamento en edificio; vivienda en vecindad o cuartería; vivienda en cuarto de azotea; local no construido para habitación; vivienda móvil; refugio y no especificado de vivienda particular.,POBHOG,Personas,INEGI. Censo de Población y Vivienda 2020,2020,Hogar censal,Población en hogares censales,1
Hogares censales,Población en hogares censales con persona de referencia mujer,Personas en hogares censales donde la persona de referencia es mujer. Se considera un hogar en cada vivienda particular. Incluye casa única en el terreno; casa que comparte terreno con otra(s); casa dúplex; departamento en edificio; vivienda en vecindad o cuartería; vivienda en cuarto de azotea; local no construido para habitación; vivienda móvil; refugio y no especificado de vivienda particular.,PHOGJEF_F,Personas,INEGI. Censo de Población y Vivienda 2020,2020,Hogar censal,Población en hogares censales con persona de referencia mujer,
Hogares censales,Población en hogares censales con persona de referencia hombre,Personas en hogares censales donde la persona de referencia es hombre. Se considera un hogar en cada vivienda particular. Incluye casa única en el terreno; casa que comparte terreno con otra(s); casa dúplex; departamento en edificio; vivienda en vecindad o cuartería; vivienda en cuarto de azotea; local no construido para habitación; vivienda móvil; refugio y no especificado de vivienda particular.,PHOGJEF_M,Personas,INEGI. Censo de Población y Vivienda 2020,2020,Hogar censal,Población en hogares censales con persona de referencia hombre,
Vivienda,Total de viviendas,"Viviendas particulares habitadas, deshabitadas, de uso temporal y colectivas. Incluye a las viviendas sin información de ocupantes.",VIVTOT,Viviendas,INEGI. Censo de Población y Vivienda 2020,2020,Viviendas,Total de viviendas,
Vivienda,Total de viviendas habitadas,Viviendas particulares y colectivas habitadas. Incluye a las viviendas sin información de ocupantes ,TVIVHAB,Viviendas,INEGI. Censo de Población y Vivienda 2020,2020,Viviendas,Total de viviendas habitadas,1
Vivienda,Total de viviendas particulares,"Viviendas particulares habitadas, deshabitadas y de uso temporal. Excluye a las viviendas sin información de ocupantes.",TVIVPAR,Viviendas,INEGI. Censo de Población y Vivienda 2020,2020,Viviendas,Total de viviendas particulares,
Vivienda,Viviendas particulares habitadas,"Viviendas particulares habitadas de cualquier clase: casa única en el terreno; casa que comparte terreno con otra(s); casa dúplex; departamento en edificio; vivienda en vecindad o cuartería; vivienda en cuarto de azotea de un edificio; local no construido para habitación, vivienda móvil; refugio y no especificado de vivienda particular. Excluye a las viviendas particulares sin información de ocupantes.",VIVPAR_HAB,Viviendas,INEGI. Censo de Población y Vivienda 2020,2020,Viviendas,Viviendas particulares habitadas,
Vivienda,Total de viviendas particulares habitadas con características,"Viviendas particulares habitadas a las que se les captan sus características, incluye casa única en el terreno; casa que comparte terreno con otra(s); casa dúplex; departamento en edificio; vivienda en vecindad o cuartería; vivienda en cuarto de azotea de un edificio y no especificado de vivienda particular. Incluye a las viviendas particulares sin información de ocupantes.",VIVPARH_CV,Viviendas,INEGI. Censo de Población y Vivienda 2020,2020,Viviendas,Total de viviendas particulares habitadas con características,
Vivienda,Total de viviendas particulares habitadas,"Viviendas particulares habitadas de cualquier clase: casa única en el terreno; casa que comparte terreno con otra(s); casa dúplex; departamento en edificio; vivienda en vecindad o cuartería; vivienda en cuarto de azotea de un edificio; local no construido para habitación, vivienda móvil; refugio y no especificado de vivienda particular. Incluye a las viviendas particulares sin información de ocupantes. ",TVIVPARHAB,Viviendas,INEGI. Censo de Población y Vivienda 2020,2020,Viviendas,Total de viviendas particulares habitadas,
Vivienda,Viviendas particulares deshabitadas,Viviendas particulares deshabitadas.,VIVPAR_DES,Viviendas,INEGI. Censo de Población y Vivienda 2020,2020,Viviendas,Viviendas particulares deshabitadas,
Vivienda,Viviendas particulares de uso temporal,Viviendas particulares de uso temporal.,VIVPAR_UT,Viviendas,INEGI. Censo de Población y Vivienda 2020,2020,Viviendas,Viviendas particulares de uso temporal,
Vivienda,Ocupantes en viviendas particulares habitadas,"Personas que residen en viviendas particulares habitadas de cualquier clase: casa única en el terreno; casa que comparte terreno con otra(s); casa dúplex; departamento en edificio; vivienda en vecindad o cuartería; vivienda en cuarto de azotea de un edificio; local no construido para habitación, vivienda móvil; refugio y no especificado de vivienda particular. Incluye una estimación de personas en viviendas particulares sin información de ocupantes y menores omitidos.",OCUPVIVPAR,Viviendas,INEGI. Censo de Población y Vivienda 2020,2020,Viviendas,Ocupantes en viviendas particulares habitadas,
Vivienda,Promedio de ocupantes en viviendas particulares habitadas,"Resultado de dividir el número de personas que residen en viviendas particulares habitadas, entre el número de esas viviendas.",PROM_OCUP,Viviendas,INEGI. Censo de Población y Vivienda 2020,2020,Viviendas,Promedio de ocupantes en viviendas particulares habitadas,
Vivienda,Promedio de ocupantes por cuarto en viviendas particulares habitadas,"Resultado de dividir el número de personas que residen en viviendas particulares habitadas entre el número de cuartos de esas viviendas. Comprende las viviendas particulares para las que se captaron las características de la vivienda, clasificadas como: casa única en el terreno; casa que comparte terreno con otra(s); casa dúplex; departamento en edificio; vivienda en vecindad o cuartería; vivienda en cuarto de azotea de un edificio y no especificado de vivienda particular. Incluye a las viviendas particulares sin información de ocupantes.",PRO_OCUP_C,Viviendas,INEGI. Censo de Población y Vivienda 2020,2020,Viviendas,Promedio de ocupantes por cuarto en viviendas particulares habitadas,
Vivienda,Viviendas particulares habitadas con piso de material diferente de tierra,"Viviendas particulares habitadas con piso de cemento o firme, madera, mosaico u otro material. Comprende las viviendas particulares para las que se captaron las características de la vivienda, clasificadas como: casa única en el terreno; casa que comparte terreno con otra(s); casa dúplex; departamento en edificio; vivienda en vecindad o cuartería; vivienda en cuarto de azotea de un edificio y no especificado de vivienda particular. Incluye a las viviendas particulares sin información de ocupantes.",VPH_PISODT,Viviendas,INEGI. Censo de Población y Vivienda 2020,2020,Viviendas,Viviendas particulares habitadas con piso de material diferente de tierra,
Vivienda,Viviendas particulares habitadas con piso de tierra,"Viviendas particulares habitadas con piso de tierra. Comprende las viviendas particulares para las que se captaron las características de la vivienda, clasificadas como: casa única en el terreno; casa que comparte terreno con otra(s); casa dúplex; departamento en edificio; vivienda en vecindad o cuartería; vivienda en cuarto de azotea de un edificio y no especificado de vivienda particular. Incluye a las viviendas particulares sin información de ocupantes.",VPH_PISOTI,Viviendas,INEGI. Censo de Población y Vivienda 2020,2020,Viviendas,Viviendas particulares habitadas con piso de tierra,
Vivienda,Viviendas particulares habitadas con un dormitorio,"Viviendas particulares habitadas con un dormitorio. Comprende las viviendas particulares para las que se captaron las características de la vivienda, clasificadas como: casa única en el terreno; casa que comparte terreno con otra(s); casa dúplex; departamento en edificio; vivienda en vecindad o cuartería; vivienda en cuarto de azotea de un edificio y no especificado de vivienda particular. Incluye a las viviendas particulares sin información de ocupantes.",VPH_1DOR,Viviendas,INEGI. Censo de Población y Vivienda 2020,2020,Viviendas,Viviendas particulares habitadas con un dormitorio,
Vivienda,Viviendas particulares habitadas con dos dormitorios y más,"Viviendas particulares habitadas que usan para dormir entre 2 y 25 cuartos. Comprende las viviendas particulares para las que se captaron las características de la vivienda, clasificadas como: casa única en el terreno; casa que comparte terreno con otra(s); casa dúplex; departamento en edificio; vivienda en vecindad o cuartería; vivienda en cuarto de azotea de un edificio y no especificado de vivienda particular. Incluye a las viviendas particulares sin información de ocupantes.",VPH_2YMASD,Viviendas,INEGI. Censo de Población y Vivienda 2020,2020,Viviendas,Viviendas particulares habitadas con dos dormitorios y más,
Vivienda,Viviendas particulares habitadas con sólo un cuarto,"Viviendas particulares habitadas que tienen sólo un cuarto. Comprende las viviendas particulares para las que se captaron las características de la vivienda, clasificadas como: casa única en el terreno; casa que comparte terreno con otra(s); casa dúplex; departamento en edificio; vivienda en vecindad o cuartería; vivienda en cuarto de azotea de un edificio y no especificado de vivienda particular. Incluye a las viviendas particulares sin información de ocupantes.",VPH_1CUART,Viviendas,INEGI. Censo de Población y Vivienda 2020,2020,Viviendas,Viviendas particulares habitadas con sólo un cuarto,
Vivienda,Viviendas particulares habitadas con dos cuartos,"Viviendas particulares habitadas que tienen dos cuartos. Comprende las viviendas particulares para las que se captaron las características de la vivienda, clasificadas como: casa única en el terreno; casa que comparte terreno con otra(s); casa dúplex; departamento en edificio; vivienda en vecindad o cuartería; vivienda en cuarto de azotea de un edificio y no especificado de vivienda particular. Incluye a las viviendas particulares sin información de ocupantes.",VPH_2CUART,Viviendas,INEGI. Censo de Población y Vivienda 2020,2020,Viviendas,Viviendas particulares habitadas con dos cuartos,
Vivienda,Viviendas particulares habitadas con 3 cuartos y más,"Viviendas particulares habitadas que tienen entre 3 y 25 cuartos. Comprende las viviendas particulares para las que se captaron las características de la vivienda, clasificadas como: casa única en el terreno; casa que comparte terreno con otra(s); casa dúplex; departamento en edificio; vivienda en vecindad o cuartería; vivienda en cuarto de azotea de un edificio y no especificado de vivienda particular. Incluye a las viviendas particulares sin información de ocupantes.",VPH_3YMASC,Viviendas,INEGI. Censo de Población y Vivienda 2020,2020,Viviendas,Viviendas particulares habitadas con 3 cuartos y más,
Vivienda,Viviendas particulares habitadas que disponen de energía eléctrica,"Viviendas particulares habitadas que tienen energía eléctrica. Comprende las viviendas particulares para las que se captaron las características de la vivienda, clasificadas como: casa única en el terreno; casa que comparte terreno con otra(s); casa dúplex; departamento en edificio; vivienda en vecindad o cuartería; vivienda en cuarto de azotea de un edificio y no especificado de vivienda particular. Incluye a las viviendas particulares sin información de ocupantes.",VPH_C_ELEC,Viviendas,INEGI. Censo de Población y Vivienda 2020,2020,Viviendas,Viviendas particulares habitadas que disponen de energía eléctrica,
Vivienda,Viviendas particulares habitadas que no disponen de energía eléctrica,"Viviendas particulares habitadas que no tienen energía eléctrica. Comprende las viviendas particulares para las que se captaron las características de la vivienda, clasificadas como: casa única en el terreno; casa que comparte terreno con otra(s); casa dúplex; departamento en edificio; vivienda en vecindad o cuartería; vivienda en cuarto de azotea de un edificio y no especificado de vivienda particular. Incluye a las viviendas particulares sin información de ocupantes.",VPH_S_ELEC,Viviendas,INEGI. Censo de Población y Vivienda 2020,2020,Viviendas,Viviendas particulares habitadas que no disponen de energía eléctrica,
Vivienda,Viviendas particulares habitadas que disponen de agua entubada en el ámbito de la vivienda,"Viviendas particulares habitadas que tienen disponibilidad de agua entubada dentro de la vivienda o sólo en el patio o terreno. Comprende las viviendas particulares para las que se captaron las características de la vivienda, clasificadas como: casa única en el terreno; casa que comparte terreno con otra(s); casa dúplex; departamento en edificio; vivienda en vecindad o cuartería; vivienda en cuarto de azotea de un edificio y no especificado de vivienda particular. Incluye a las viviendas particulares sin información de ocupantes.",VPH_AGUADV,Viviendas,INEGI. Censo de Población y Vivienda 2020,2020,Viviendas,Viviendas particulares habitadas que disponen de agua entubada en el ámbito de la vivienda,
Vivienda,Viviendas particulares habitadas que disponen de agua entubada y se abastecen del servicio público de agua,"Viviendas particulares habitadas que tienen agua entubada y se abastecen del servicio público de agua. Comprende las viviendas particulares para las que se captaron las características de la vivienda, clasificadas como: casa única en el terreno; casa que comparte terreno con otra(s); casa dúplex; departamento en edificio; vivienda en vecindad o cuartería; vivienda en cuarto de azotea de un edificio y no especificado de vivienda particular. Incluye a las viviendas particulares sin información de ocupantes.",VPH_AEASP,Viviendas,INEGI. Censo de Población y Vivienda 2020,2020,Viviendas,Viviendas particulares habitadas que disponen de agua entubada y se abastecen del servicio público de agua,
Vivienda,Viviendas particulares habitadas que no disponen de agua entubada en el ámbito de la vivienda,"Viviendas particulares habitadas que no tienen disponibilidad de agua entubada. Comprende las viviendas particulares para las que se captaron las características de la vivienda, clasificadas como: casa única en el terreno; casa que comparte terreno con otra(s); casa dúplex; departamento en edificio; vivienda en vecindad o cuartería; vivienda en cuarto de azotea de un edificio y no especificado de vivienda particular. Incluye a las viviendas particulares sin información de ocupantes.",VPH_AGUAFV,Viviendas,INEGI. Censo de Población y Vivienda 2020,2020,Viviendas,Viviendas particulares habitadas que no disponen de agua entubada en el ámbito de la vivienda,
Vivienda,Viviendas particulares habitadas que disponen de tinaco,"Viviendas particulares habitadas que tienen tinaco. Comprende las viviendas particulares para las que se captaron las características de la vivienda, clasificadas como: casa única en el terreno; casa que comparte terreno con otra(s); casa dúplex; departamento en edificio; vivienda en vecindad o cuartería; vivienda en cuarto de azotea de un edificio y no especificado de vivienda particular. Incluye a las viviendas particulares sin información de ocupantes.",VPH_TINACO,Viviendas,INEGI. Censo de Población y Vivienda 2020,2020,Viviendas,Viviendas particulares habitadas que disponen de tinaco,
Vivienda,Viviendas particulares habitadas que disponen de cisterna o aljibe,"Viviendas particulares habitadas que tienen cisterna o aljibe. Comprende las viviendas particulares para las que se captaron las características de la vivienda, clasificadas como: casa única en el terreno; casa que comparte terreno con otra(s); casa dúplex; departamento en edificio; vivienda en vecindad o cuartería; vivienda en cuarto de azotea de un edificio y no especificado de vivienda particular. Incluye a las viviendas particulares sin información de ocupantes.",VPH_CISTER,Viviendas,INEGI. Censo de Población y Vivienda 2020,2020,Viviendas,Viviendas particulares habitadas que disponen de cisterna o aljibe,
Vivienda,Viviendas particulares habitadas que disponen de excusado o sanitario,"Viviendas particulares habitadas que tienen taza de baño (excusado o sanitario). Comprende las viviendas particulares para las que se captaron las características de la vivienda, clasificadas como: casa única en el terreno; casa que comparte terreno con otra(s); casa dúplex; departamento en edificio; vivienda en vecindad o cuartería; vivienda en cuarto de azotea de un edificio y no especificado de vivienda particular. Incluye a las viviendas particulares sin información de ocupantes.",VPH_EXCSA,Viviendas,INEGI. Censo de Población y Vivienda 2020,2020,Viviendas,Viviendas particulares habitadas que disponen de excusado o sanitario,1
Vivienda,Viviendas particulares habitadas que disponen de letrina (pozo u hoyo),"Viviendas particulares habitadas que tienen letrina (pozo u hoyo). Comprende las viviendas particulares para las que se captaron las características de la vivienda, clasificadas como: casa única en el terreno; casa que comparte terreno con otra(s); casa dúplex; departamento en edificio; vivienda en vecindad o cuartería; vivienda en cuarto de azotea de un edificio y no especificado de vivienda particular. Incluye a las viviendas particulares sin información de ocupantes.",VPH_LETR,Viviendas,INEGI. Censo de Población y Vivienda 2020,2020,Viviendas,Viviendas particulares habitadas que disponen de letrina (pozo u hoyo),
Vivienda,Viviendas particulares habitadas que disponen de drenaje,"Viviendas particulares habitadas que tienen drenaje conectado a la red pública; una fosa séptica o tanque séptico (biodigestor); una tubería que va a dar a una barranca o grieta, río, lago o mar. Comprende las viviendas particulares para las que se captaron las características de la vivienda, clasificadas como: casa única en el terreno; casa que comparte terreno con otra(s); casa dúplex; departamento en edificio; vivienda en vecindad o cuartería; vivienda en cuarto de azotea de un edificio y no especificado de vivienda particular. Incluye a las viviendas particulares sin información de ocupantes.",VPH_DRENAJ,Viviendas,INEGI. Censo de Población y Vivienda 2020,2020,Viviendas,Viviendas particulares habitadas que disponen de drenaje,
Vivienda,Viviendas particulares habitadas que no disponen de drenaje,"Viviendas particulares habitadas que no tienen drenaje. Comprende las viviendas particulares para las que se captaron las características de la vivienda, clasificadas como: casa única en el terreno; casa que comparte terreno con otra(s); casa dúplex; departamento en edificio; vivienda en vecindad o cuartería; vivienda en cuarto de azotea de un edificio y no especificado de vivienda particular. Incluye a las viviendas particulares sin información de ocupantes.",VPH_NODREN,Viviendas,INEGI. Censo de Población y Vivienda 2020,2020,Viviendas,Viviendas particulares habitadas que no disponen de drenaje,
Vivienda,"Viviendas particulares habitadas que disponen de energía eléctrica, agua entubada de la red pública y drenaje","Viviendas particulares habitadas que tienen energía eléctrica, agua entubada dentro de la vivienda o sólo en el patio o terreno y drenaje conectado a la red pública; una fosa séptica o tanque séptico (biodigestor); una tubería que va a dar a una barranca o grieta, río, lago o mar. Comprende las viviendas particulares para las que se captaron las características de la vivienda, clasificadas como: casa única en el terreno; casa que comparte terreno con otra(s); casa dúplex; departamento en edificio; vivienda en vecindad o cuartería; vivienda en cuarto de azotea de un edificio y no especificado de vivienda particular. Incluye a las viviendas particulares sin información de ocupantes.",VPH_C_SERV,Viviendas,INEGI. Censo de Población y Vivienda 2020,2020,Viviendas,"Viviendas particulares habitadas que disponen de energía eléctrica, agua entubada de la red pública y drenaje",
Vivienda,"Viviendas particulares habitadas que no disponen de energía eléctrica, agua entubada, ni drenaje","Viviendas particulares habitadas que no tienen energía eléctrica, agua entubada ni drenaje. Comprende las viviendas particulares para las que se captaron las características de la vivienda, clasificadas como: casa única en el terreno; casa que comparte terreno con otra(s); casa dúplex; departamento en edificio; vivienda en vecindad o cuartería; vivienda en cuarto de azotea de un edificio y no especificado de vivienda particular. Incluye a las viviendas particulares sin información de ocupantes.",VPH_NDEAED,Viviendas,INEGI. Censo de Población y Vivienda 2020,2020,Viviendas,"Viviendas particulares habitadas que no disponen de energía eléctrica, agua entubada, ni drenaje",
Vivienda,Viviendas particulares que disponen de drenaje y sanitario con admisión de agua,"Viviendas particulares habitadas que tienen drenaje conectado a la red pública; una fosa séptica o tanque séptico (biodigestor); una tubería que va a dar a una barranca o grieta, río, lago o mar; taza de baño (excusado o sanitario); letrina (pozo u hoyo) con admisión de agua. Comprende las viviendas particulares para las que se captaron las características de la vivienda, clasificadas como: casa única en el terreno; casa que comparte terreno con otra(s); casa dúplex; departamento en edificio; vivienda en vecindad o cuartería; vivienda en cuarto de azotea de un edificio y no especificado de vivienda particular. Incluye a las viviendas particulares sin información de ocupantes.",VPH_DSADMA,Viviendas,INEGI. Censo de Población y Vivienda 2020,2020,Viviendas,Viviendas particulares que disponen de drenaje y sanitario con admisión de agua,1
Vivienda,"Viviendas particulares habitadas que no disponen de automóvil o camioneta, ni de motocicleta o motoneta","Viviendas particulares habitadas que no tienen automóvil o camioneta ni motocicleta o motoneta. Comprende las viviendas particulares para las que se captaron las características de la vivienda, clasificadas como: casa única en el terreno; casa que comparte terreno con otra(s); casa dúplex; departamento en edificio; vivienda en vecindad o cuartería; vivienda en cuarto de azotea de un edificio y no especificado de vivienda particular. Incluye a las viviendas particulares sin información de ocupantes.",VPH_NDACMM,Viviendas,INEGI. Censo de Población y Vivienda 2020,2020,Viviendas,"Viviendas particulares habitadas que no disponen de automóvil o camioneta, ni de motocicleta o motoneta",
Vivienda,Viviendas particulares habitadas sin ningún bien,"Viviendas particulares habitadas donde no cuentan con refrigerador; lavadora; horno de microondas automóvil o camioneta; motocicleta o motoneta; bicicleta que se utilice como medio de transporte; algún aparato o dispositivo para oír radio; televisor; computadora, laptop o tablet; Internet; línea telefónica fija; teléfono celular; servicio de televisión de paga (cable o satelital); servicio de películas, música o videos de paga por Internet ni consola de videojuegos. Comprende las viviendas particulares para las que se captaron las características de la vivienda, clasificadas como: casa única en el terreno; casa que comparte terreno con otra(s); casa dúplex; departamento en edificio; vivienda en vecindad o cuartería; vivienda en cuarto de azotea de un edificio y no especificado de vivienda particular. Incluye a las viviendas particulares sin información de ocupantes.",VPH_SNBIEN,Viviendas,INEGI. Censo de Población y Vivienda 2020,2020,Viviendas,Viviendas particulares habitadas sin ningún bien,
Vivienda,Viviendas particulares habitadas que disponen de refrigerador,"Viviendas particulares habitadas que tienen refrigerador. Comprende las viviendas particulares para las que se captaron las características de la vivienda, clasificadas como: casa única en el terreno; casa que comparte terreno con otra(s); casa dúplex; departamento en edificio; vivienda en vecindad o cuartería; vivienda en cuarto de azotea de un edificio y no especificado de vivienda particular. Incluye a las viviendas particulares sin información de ocupantes.",VPH_REFRI,Viviendas,INEGI. Censo de Población y Vivienda 2020,2020,Viviendas,Viviendas particulares habitadas que disponen de refrigerador,
Vivienda,Viviendas particulares habitadas que disponen de lavadora,"Viviendas particulares habitadas que tienen lavadora. Comprende las viviendas particulares para las que se captaron las características de la vivienda, clasificadas como: casa única en el terreno; casa que comparte terreno con otra(s); casa dúplex; departamento en edificio; vivienda en vecindad o cuartería; vivienda en cuarto de azotea de un edificio y no especificado de vivienda particular. Incluye a las viviendas particulares sin información de ocupantes.",VPH_LAVAD,Viviendas,INEGI. Censo de Población y Vivienda 2020,2020,Viviendas,Viviendas particulares habitadas que disponen de lavadora,
Vivienda,Viviendas particulares habitadas que disponen de horno de microondas,"Viviendas particulares habitadas que tienen horno de microondas. Comprende las viviendas particulares para las que se captaron las características de la vivienda, clasificadas como: casa única en el terreno; casa que comparte terreno con otra(s); casa dúplex; departamento en edificio; vivienda en vecindad o cuartería; vivienda en cuarto de azotea de un edificio y no especificado de vivienda particular. Incluye a las viviendas particulares sin información de ocupantes.",VPH_HMICRO,Viviendas,INEGI. Censo de Población y Vivienda 2020,2020,Viviendas,Viviendas particulares habitadas que disponen de horno de microondas,
Vivienda,Viviendas particulares habitadas que disponen de automóvil o camioneta,"Viviendas particulares habitadas que tienen automóvil o camioneta. Comprende las viviendas particulares para las que se captaron las características de la vivienda, clasificadas como: casa única en el terreno; casa que comparte terreno con otra(s); casa dúplex; departamento en edificio; vivienda en vecindad o cuartería; vivienda en cuarto de azotea de un edificio y no especificado de vivienda particular. Incluye a las viviendas particulares sin información de ocupantes.",VPH_AUTOM,Viviendas,INEGI. Censo de Población y Vivienda 2020,2020,Viviendas,Viviendas particulares habitadas que disponen de automóvil o camioneta,
Vivienda,Viviendas particulares habitadas que disponen de motocicleta o motoneta,"Viviendas particulares habitadas que tienen motocicleta o motoneta. Comprende las viviendas particulares para las que se captaron las características de la vivienda, clasificadas como: casa única en el terreno; casa que comparte terreno con otra(s); casa dúplex; departamento en edificio; vivienda en vecindad o cuartería; vivienda en cuarto de azotea de un edificio y no especificado de vivienda particular. Incluye a las viviendas particulares sin información de ocupantes.",VPH_MOTO,Viviendas,INEGI. Censo de Población y Vivienda 2020,2020,Viviendas,Viviendas particulares habitadas que disponen de motocicleta o motoneta,
Vivienda,Viviendas particulares habitadas que disponen de bicicleta como medio de transporte,"Viviendas particulares habitadas que tienen bicicleta que se utilice como medio de transporte. Comprende las viviendas particulares para las que se captaron las características de la vivienda, clasificadas como: casa única en el terreno; casa que comparte terreno con otra(s); casa dúplex; departamento en edificio; vivienda en vecindad o cuartería; vivienda en cuarto de azotea de un edificio y no especificado de vivienda particular. Incluye a las viviendas particulares sin información de ocupantes.",VPH_BICI,Viviendas,INEGI. Censo de Población y Vivienda 2020,2020,Viviendas,Viviendas particulares habitadas que disponen de bicicleta como medio de transporte,
Vivienda,Viviendas particulares habitadas que disponen de radio,"Viviendas particulares habitadas que tienen algún aparato o dispositivo para oír radio. Comprende las viviendas particulares para las que se captaron las características de la vivienda, clasificadas como: casa única en el terreno; casa que comparte terreno con otra(s); casa dúplex; departamento en edificio; vivienda en vecindad o cuartería; vivienda en cuarto de azotea de un edificio y no especificado de vivienda particular. Incluye a las viviendas particulares sin información de ocupantes.",VPH_RADIO,Viviendas,INEGI. Censo de Población y Vivienda 2020,2020,Viviendas,Viviendas particulares habitadas que disponen de radio,
Vivienda,Viviendas particulares habitadas que disponen de televisor,"Viviendas particulares habitadas que tienen televisor.  Comprende las viviendas particulares para las que se captaron las características de la vivienda, clasificadas como: casa única en el terreno; casa que comparte terreno con otra(s); casa dúplex; departamento en edificio; vivienda en vecindad o cuartería; vivienda en cuarto de azotea de un edificio y no especificado de vivienda particular. Incluye a las viviendas particulares sin información de ocupantes.",VPH_TV,Viviendas,INEGI. Censo de Población y Vivienda 2020,2020,Viviendas,Viviendas particulares habitadas que disponen de televisor,
Vivienda,"Viviendas particulares habitadas que disponen de computadora, laptop o tablet","Viviendas particulares habitadas que tienen computadora, laptop o tablet. Comprende las viviendas particulares para las que se captaron las características de la vivienda, clasificadas como: casa única en el terreno; casa que comparte terreno con otra(s); casa dúplex; departamento en edificio; vivienda en vecindad o cuartería; vivienda en cuarto de azotea de un edificio y no especificado de vivienda particular. Incluye a las viviendas particulares sin información de ocupantes.",VPH_PC,Viviendas,INEGI. Censo de Población y Vivienda 2020,2020,Viviendas,"Viviendas particulares habitadas que disponen de computadora, laptop o tablet",1
Vivienda,Viviendas particulares habitadas que disponen de línea telefónica fija,"Viviendas particulares habitadas que tienen línea telefónica fija. Comprende las viviendas particulares para las que se captaron las características de la vivienda, clasificadas como: casa única en el terreno; casa que comparte terreno con otra(s); casa dúplex; departamento en edificio; vivienda en vecindad o cuartería; vivienda en cuarto de azotea de un edificio y no especificado de vivienda particular. Incluye a las viviendas particulares sin información de ocupantes.",VPH_TELEF,Viviendas,INEGI. Censo de Población y Vivienda 2020,2020,Viviendas,Viviendas particulares habitadas que disponen de línea telefónica fija,
Vivienda,Viviendas particulares habitadas que disponen de teléfono celular,"Viviendas particulares habitadas que tienen teléfono celular. Comprende las viviendas particulares para las que se captaron las características de la vivienda, clasificadas como: casa única en el terreno; casa que comparte terreno con otra(s); casa dúplex; departamento en edificio; vivienda en vecindad o cuartería; vivienda en cuarto de azotea de un edificio y no especificado de vivienda particular. Incluye a las viviendas particulares sin información de ocupantes.",VPH_CEL,Viviendas,INEGI. Censo de Población y Vivienda 2020,2020,Viviendas,Viviendas particulares habitadas que disponen de teléfono celular,
Vivienda,Viviendas particulares habitadas que disponen de Internet,"Viviendas particulares habitadas que tienen Internet. Comprende las viviendas particulares para las que se captaron las características de la vivienda, clasificadas como: casa única en el terreno; casa que comparte terreno con otra(s); casa dúplex; departamento en edificio; vivienda en vecindad o cuartería; vivienda en cuarto de azotea de un edificio y no especificado de vivienda particular. Incluye a las viviendas particulares sin información de ocupantes.",VPH_INTER,Viviendas,INEGI. Censo de Población y Vivienda 2020,2020,Viviendas,Viviendas particulares habitadas que disponen de Internet,1
Vivienda,Viviendas particulares habitadas que disponen de servicio de televisión de paga,"Viviendas particulares habitadas que tienen servicio de televisión de paga (cable o satelital). Comprende las viviendas particulares para las que se captaron las características de la vivienda, clasificadas como: casa única en el terreno; casa que comparte terreno con otra(s); casa dúplex; departamento en edificio; vivienda en vecindad o cuartería; vivienda en cuarto de azotea de un edificio y no especificado de vivienda particular. Incluye a las viviendas particulares sin información de ocupantes.",VPH_STVP,Viviendas,INEGI. Censo de Población y Vivienda 2020,2020,Viviendas,Viviendas particulares habitadas que disponen de servicio de televisión de paga,
Vivienda,"Viviendas particulares habitadas que disponen de servicio de películas, música o videos de paga por Internet","Viviendas particulares habitadas que tienen servicio de películas, música o videos de paga por Internet. Comprende las viviendas particulares para las que se captaron las características de la vivienda, clasificadas como: casa única en el terreno; casa que comparte terreno con otra(s); casa dúplex; departamento en edificio; vivienda en vecindad o cuartería; vivienda en cuarto de azotea de un edificio y no especificado de vivienda particular. Incluye a las viviendas particulares sin información de ocupantes.",VPH_SPMVPI,Viviendas,INEGI. Censo de Población y Vivienda 2020,2020,Viviendas,"Viviendas particulares habitadas que disponen de servicio de películas, música o videos de paga por Internet",
Vivienda,Viviendas particulares habitadas que disponen de consola de videojuegos,"Viviendas particulares habitadas que tienen consola de videojuegos. Comprende las viviendas particulares para las que se captaron las características de la vivienda, clasificadas como: casa única en el terreno; casa que comparte terreno con otra(s); casa dúplex; departamento en edificio; vivienda en vecindad o cuartería; vivienda en cuarto de azotea de un edificio y no especificado de vivienda particular. Incluye a las viviendas particulares sin información de ocupantes.",VPH_CVJ,Viviendas,INEGI. Censo de Población y Vivienda 2020,2020,Viviendas,Viviendas particulares habitadas que disponen de consola de videojuegos,
Vivienda,Viviendas particulares habitadas sin radio ni televisor,"Viviendas particulares habitadas que no cuentan con algún aparato o dispositivo para oír radio ni televisor. Comprende las viviendas particulares para las que se captaron las características de la vivienda, clasificadas como: casa única en el terreno; casa que comparte terreno con otra(s); casa dúplex; departamento en edificio; vivienda en vecindad o cuartería; vivienda en cuarto de azotea de un edificio y no especificado de vivienda particular. Incluye a las viviendas particulares sin información de ocupantes.",VPH_SINRTV,Viviendas,INEGI. Censo de Población y Vivienda 2020,2020,Viviendas,Viviendas particulares habitadas sin radio ni televisor,
Vivienda,Viviendas particulares habitadas sin línea telefónica fija ni teléfono celular,"Viviendas particulares habitadas que no cuentan con línea telefónica fija, ni teléfono celular. Comprende las viviendas particulares para las que se captaron las características de la vivienda, clasificadas como: casa única en el terreno; casa que comparte terreno con otra(s); casa dúplex; departamento en edificio; vivienda en vecindad o cuartería; vivienda en cuarto de azotea de un edificio y no especificado de vivienda particular. Incluye a las viviendas particulares sin información de ocupantes.",VPH_SINLTC,Viviendas,INEGI. Censo de Población y Vivienda 2020,2020,Viviendas,Viviendas particulares habitadas sin línea telefónica fija ni teléfono celular,
Vivienda,Viviendas particulares habitadas sin computadora ni Internet,"Viviendas particulares habitadas que no cuentan con computadora, laptop o tablet ni Internet. Comprende las viviendas particulares para las que se captaron las características de la vivienda, clasificadas como: casa única en el terreno; casa que comparte terreno con otra(s); casa dúplex; departamento en edificio; vivienda en vecindad o cuartería; vivienda en cuarto de azotea de un edificio y no especificado de vivienda particular. Incluye a las viviendas particulares sin información de ocupantes.",VPH_SINCIN,Viviendas,INEGI. Censo de Población y Vivienda 2020,2020,Viviendas,Viviendas particulares habitadas sin computadora ni Internet,1
Vivienda,Viviendas particulares habitadas sin tecnologías de la información y de la comunicación (TIC),"Viviendas particulares habitadas que no cuentan con algún aparato o dispositivo para oír radio; televisor; computadora, laptop o tablet; línea telefónica fija; teléfono celular; Internet; servicio de televisión de paga (cable o satelital); servicio de películas, música o videos de paga por internet ni consola de videojuegos. Comprende las viviendas particulares para las que se captaron las características de la vivienda, clasificadas como: casa única en el terreno; casa que comparte terreno con otra(s); casa dúplex; departamento en edificio; vivienda en vecindad o cuartería; vivienda en cuarto de azotea de un edificio y no especificado de vivienda particular. Incluye a las viviendas particulares sin información de ocupantes.",VPH_SINTIC,Viviendas,INEGI. Censo de Población y Vivienda 2020,2020,Viviendas,Viviendas particulares habitadas sin tecnologías de la información y de la comunicación (TIC),1
